topic,google-doc-id
olympiads,1r3tsG3UQ3-3LXwc0fx9YZje7OacwWOqa
olympiads,1r2OPldqFUBqmjCDTY7BLyxaCF3B91QD-
olympiads,1rTnCOayvYhdh-eMwnACfohp5bQD2R0yV
olympiads,1GvnlcqMBtNg3C2cuylZxBy0zilARARDl
olympiads,1VQrBZSyKopv2HkQghgBGyUT0FJcF59QB
school,1yu0IsDE1HRydqilv4wKi6dcShXNxlcCf
school,1rwjp2OyMm3RGZ40fofC3C4blZ7jWeeJL
school,14yl8n_vfXgOkWHbULMenMRqCKh1IeoPj
school,1n1-s0dQIKYSiePAyUwrduSaQHgcwxnBh
school,1urXXNs4ARU_uwQLmW-_0o_1Vhf0CPlZw
robotics,1CU5Qw-l2eEIyg3zdIAAPdTAYv9XwV9ts
robotics,184qv8VStj1JJoeH3Vg5L0NOAGKWaQeq_
robotics,1ptr8DqzAfT1gdcYT97vvA0JKhhi66zft
robotics,1IGpa2YHtLOW5RnaaNjp-lqY8lDidV5hL
sports,1khWIbSl60lAA3Zxwip9L3YjOBHvzIm1R
drawing,1P4e474tubbs8sW2QTr0USOs9P1gzR8I7
drawing,1daDcvQRUl1em02mhYVzFONDw7FM7vD4n
drawing,1o8H8Pk7Rp9ly9WEkaICoaj-RnQTGhztd
drawing,1MFqWeNSBAdCzHxvqtVHIPqaPgw9Z6Rs9
drawing,1ZrvjrJaRKuulBuNPGMIfKa3Klsh2vd-9
drawing,101WV7fpsOJzBMYWB3OIYiuWw1HFrDDfh
drawing,1OqJIwEnb0CARdSjlR61SWU3zjfLsyh0N
drawing,1Z4zx59yf_F-QSMVGgNFGJazj2BhmblNv
drawing,1iDS2BmhShr1zUaUnWljhEz43X62D-O4e
drawing,16vrhyA7iWvj_A90BeBuIm4jI1GAkg5ol
drawing,13VJTFXacoj_67571ICPtPtzVxOhsm3ra
drawing,1W-K7jBtX-BKYQWQlj79mhfMG_BIKV7o5
drawing,1fYe04fj33KrY-h2lOzhM3jBPmhSeamMj
drawing,1RjtV54sSnDAiDc5QZ_CPa5igGy5B344F
drawing,1Y5nHkHdSfuJ742CZ1kIQdw9pvgqrit1e
drawing,1EWdczssygr6nrk-zfV5aEmfqKO75aVEO
drawing,1p7eyznrINnDGc_stIL-bFHJBNoI4w5Jd
drawing,14HY_0zd1c76y9PW_qUzyd8DA4k7NgMIs
sports,1nFRyqVdzy8h4T7wdmCKmSOAVTp0Ow3F8
sports,1UfKELWFpN_4VlQcRWWShF190mhoUNiv-
sports,1H_JdlAt0XGO4QE5X_OrlmAYDQcRaVLee
sports,1Ew7xTf78S9ag4zE1CMC0u9Mdrp1cyKyK
sports,1WV1XZfUbYEGJabUXm6VVNLaSUON34czA
sports,1TKoHUl4YlGuydC57Enxesag1OoIAui7W
sports,1wB2fakwTElcv9shN_KXhNkgCp5KxkimR
sports,1_E09TFhy7hwdWpXtnfe1u7Ag4bqtP1V9
sports,1RUkcG1AOztFX2aN1NgtXe6YP0sMKDDy0
sports,1yJSGJ4Giinu8V7dgW5lWK0oPfSFS1JkE
sports,1U0lyW-VYAQg0gVoJ8zYehZgAzeh8lSug
sports,1RBD5lEo6DbM7t3A9JsGsXqDM4DSKb2Ue
sports,1UTMPjKGuzyI7Bd1KIJQwYBgJG-9KiCse
sports,1KwzTKQ1zopKvLSkLWHdL0l5vvkqhCjT8
sports,1f3IPXVW5-UIILljak5AiCGbxFGJ7d4Uu
sports,1fCCfgXNYYVBRplDq0DqZNsM8rzOxVbKP
sports,1NvTR8YvQRm7VoBQrhGRL68TKT4AcaAHG
sports,1x-YgAnEV6mvXObPgu9IIMP8DvIEYkJww
sports,1I9RgHCw2lilDEoaZdHQHuZ9fq1D12PaK
sports,1NxYXIA-LSPxCqABwtvbmgYc4ei9DC38N
sports,1dwuPDJbzAZlGpF-OrlvhQQ6uNjMmZ_aL
sports,1zf8jWK5Uwua8BygG3SnNXT8dqx0ZXZjo
sports,1s9SrvnIJ7c0KnR1fqxzY_iDTUYdgAH4n
sports,1p0EWzrayCBcsXon6UQLLW6HTjq3h0mqo
sports,11lASzQCnVSIqNnjXBmiBJ-A0afPs0YSw
sports,1RtER4Zl8PydWaZO1ELmm6MH_JUqs9NZT
sports,10lAtmoRp2nzU8Sy7TSfSb4J5uKfu7O5p
sports,1TKe44X8GZ5eoPziEF1qP98mCeYQ3sBOc
sports,1TStdk0h0usTF1miasSQoWSlXVOzT-_TY
sports,1gQlp65_dXOzwCqfuiZ_zVLhj87FUU6e-
sports,1mEBOkrsnB029oXmF0kTAY5sKAmmyy9xs
